{
  "timestamp": 1768481318.941615,
  "box_pos": [
    -0.2898776445619434,
    -0.7116903106747746,
    0.57
  ],
  "box_quat": [
    1.0,
    0.0,
    0.0,
    0.0
  ]
}